panel,contrast,total_pp,total_low_pp,total_high_pp,direct_pp,direct_low_pp,direct_high_pp,indirect_pp,indirect_low_pp,indirect_high_pp
A,Age 31-60 vs 20-30,-13.5,-27.5,-0.3,-13.5,-27.6,0.1,0.0,-3.1,3.4
A,Female vs male,16.0,4.9,27.9,15.1,3.6,26.6,0.9,-1.1,3.6
A,General dentist vs other,-5.5,-16.2,6.5,-4.3,-15.5,7.6,-1.2,-3.7,0.8
A,Public vs academic-only,6.3,-9.5,21.1,6.3,-9.3,21.4,0.0,-4.5,4.4
A,Private vs academic-only,3.0,-14.5,20.6,5.5,-12.2,23.5,-2.5,-10.8,2.3
A,Mixed vs academic-only,17.3,3.6,32.1,14.5,-0.2,30.5,2.7,-1.0,8.6
B,Age 31-60 vs 20-30,0.3,-13.5,14.6,3.0,-11.1,18.0,-2.7,-8.3,0.7
B,Female vs male,4.8,-6.8,16.2,2.2,-9.7,13.7,2.7,0.2,5.6
B,General dentist vs other,-12.1,-23.9,-0.9,-11.6,-23.4,-0.2,-0.4,-2.3,0.8
B,Public vs academic-only,0.4,-13.8,14.8,-1.6,-15.5,12.5,2.0,-2.6,7.2
B,Private vs academic-only,-9.2,-24.8,7.0,-9.8,-25.2,6.6,0.6,-2.7,5.7
B,Mixed vs academic-only,15.5,-0.7,29.5,12.0,-5.0,26.2,3.5,-0.6,9.2
