"model","term","coefficient","standard_error","odds_ratio","lower","upper","p_value"
"base_use","(Intercept)",-0.518509822278495,0.3155708193511,0.595407149678745,0.320774382002732,1.1051682858064,0.100365254463005
"base_use","older",0.00316163494811927,0.294675928008723,1.00316663818731,0.563046775860614,1.78731740792554,0.991439506677476
"base_use","female",0.228222420409995,0.262909040423175,1.25636473551752,0.750459322410762,2.10331499858168,0.385358158269262
"base_use","settingPublic",0.00392538315417977,0.324872545629058,1.00393309756133,0.531095669273794,1.89774031815631,0.990359522685771
"base_use","settingPrivate",-0.343007591582088,0.394626074274616,0.709632824303922,0.327436713264551,1.5379422188455,0.384739676697507
"base_use","settingMixed",0.675787179221865,0.315474391848895,1.96557963058691,1.05915215378904,3.64773207546884,0.0321830172607076
"base_use","general",-0.539624915971577,0.251303040706099,0.582966872934023,0.356233157766792,0.954011066990448,0.0317688053730808
"familiar_use","(Intercept)",-1.8131828863067,0.575158084492228,0.163134072383653,0.0528407810866267,0.503639897541377,0.00161881689637307
"familiar_use","older",0.0579961396156314,0.301479678094413,1.05971090481098,0.586904495611179,1.91340705374197,0.847451106763482
"familiar_use","female",0.243007285974248,0.266287784860772,1.27507791426946,0.756610127088708,2.14882623064222,0.361466679280647
"familiar_use","settingPublic",0.0830672149014491,0.330273086524671,1.08661484280329,0.568783084562327,2.0758912292706,0.801419291276377
"familiar_use","settingPrivate",-0.362492714398265,0.399355634950966,0.695939383997356,0.318155387399841,1.52231156654888,0.364039913937368
"familiar_use","settingMixed",0.687340481515862,0.321788466620012,1.9884202544973,1.05828182828009,3.73607011179698,0.0326793335695208
"familiar_use","general",-0.606284218324972,0.255631961303697,0.545373597959056,0.330445460073846,0.900095166338002,0.0177061055486971
"familiar_use","familiar",1.41790463162296,0.510119988043293,4.12846072472435,1.51905408290783,11.2202640757628,0.00544340694613861
"base_willing","(Intercept)",-0.788225271090502,0.451189546771545,0.454650961912985,0.187769424751289,1.10085812662098,0.080638440394921
"base_willing","use",0.682231886328862,0.257218734535397,1.97828812287035,1.19493576462941,3.27517512901928,0.00799356829913795
"base_willing","older",-0.540949349296962,0.288931931723897,0.582195283252247,0.330467972873245,1.02567079313061,0.0611736805339283
"base_willing","female",0.644695817722777,0.254224138253343,1.90540734996556,1.15768886820763,3.13605604148525,0.0112147638981439
"base_willing","settingPublic",0.287260415193187,0.318397205566915,1.33277124216845,0.71406117538912,2.48757283713578,0.366946537462758
"base_willing","settingPrivate",0.267833704419304,0.36012283853476,1.30712975203895,0.645329597312374,2.64762099209646,0.457040599514629
"base_willing","settingMixed",0.602399478478899,0.324600559860628,1.82649618485772,0.966759107103671,3.45079584850714,0.0634795406240724
"base_willing","familiar",0.0944869799774846,0.38898220264085,1.0990948528001,0.512782178227753,2.35579461756398,0.808076486621635
"extended_willing","(Intercept)",-0.707452644182881,0.466558157911721,0.492898186667573,0.19752505728031,1.22996355887856,0.12943781861039
"extended_willing","use",0.660713131494421,0.25928708881325,1.93617258784346,1.16476549599467,3.21847127409551,0.0108283041219944
"extended_willing","older",-0.571642285800217,0.292341923835408,0.564597446524659,0.318344252188626,1.00133825074777,0.0505371316436968
"extended_willing","female",0.656775540426856,0.2552447698197,1.92856372208827,1.1694165910721,3.18052442435857,0.0100786121051854
"extended_willing","settingPublic",0.273853077009175,0.319413725860228,1.31502158114106,0.703149097733447,2.45933865867276,0.39124505032463
"extended_willing","settingPrivate",0.287747480261845,0.361356764721953,1.33342054659893,0.656719190119623,2.70741342851323,0.425859151349273
"extended_willing","settingMixed",0.602853207281663,0.324739670809721,1.8273251068236,0.96693418016703,3.45330335251058,0.0633937216254276
"extended_willing","general",-0.169223964412526,0.252479871874988,0.844319784624342,0.514749234549534,1.38489938568232,0.50270012561046
"extended_willing","familiar",0.121483949190964,0.390808157114156,1.12917124166773,0.524932307070463,2.42893736170501,0.755912257115887
"no_familiar_willing","(Intercept)",-0.603736061869496,0.325364872023205,0.546765067301222,0.288967951099247,1.03455084788359,0.0635154139783514
"no_familiar_willing","use",0.674091578738604,0.255693755062299,1.96224961679973,1.18879599703579,3.23892708945146,0.00838096688873278
"no_familiar_willing","older",-0.576678857790525,0.291870061405961,0.561760959920292,0.317037991173793,0.995386625187066,0.0481766607586942
"no_familiar_willing","female",0.653610594646788,0.25503243974192,1.92246957138975,1.16620652847272,3.16915500186719,0.0103816061882425
"no_familiar_willing","settingPublic",0.266867566157026,0.318462367579396,1.3058674938279,0.699557557330466,2.4376692004355,0.402037577690921
"no_familiar_willing","settingPrivate",0.289582587610525,0.361348201801746,1.33586976304309,0.657936488863601,2.71234086271018,0.422903096229683
"no_familiar_willing","settingMixed",0.600058185097234,0.324561151762575,1.82222482363454,0.964572787290275,3.44246007312526,0.0644824570567069
"no_familiar_willing","general",-0.161115739755718,0.251119428692386,0.851193548472399,0.520325461438335,1.39245628103268,0.521139361635965
"reverse_use","(Intercept)",-0.806507601157891,0.338894780923127,0.446414404112775,0.229757892376721,0.867373121061743,0.0173212320340813
"reverse_use","willing",0.669190898762369,0.256870613884662,1.95265678429437,1.18025881227213,3.23053594483284,0.00918294346202257
"reverse_use","older",0.101310096538973,0.299949095583474,1.10661974751639,0.614725576397498,1.99212024456481,0.735545839426748
"reverse_use","female",0.115437254038132,0.268720340723684,1.12236408852453,0.662824562322602,1.90050462643595,0.667500186234422
"reverse_use","settingPublic",-0.0433208482322721,0.329640448281765,0.957604095190999,0.501874969671163,1.82715946907536,0.895444266745419
"reverse_use","settingPrivate",-0.383588293187842,0.398802321326888,0.681411911362755,0.311852025806163,1.48891831549509,0.336124604454472
"reverse_use","settingMixed",0.578265680569611,0.321638093670731,1.78294355412428,0.949202235690779,3.34900993451612,0.072196526491502
"reverse_use","general",-0.509802477590335,0.254337207154316,0.600614201860955,0.364840778616412,0.98875301397256,0.0450234505125858
"familiar_willing","(Intercept)",-0.604881644834247,0.462849379413456,0.546139061193829,0.220457629559723,1.35294874918754,0.191258571676779
"familiar_willing","familiar",0.290335018946058,0.384206062538199,1.33687529156114,0.629584609999016,2.83875354765974,0.449843916410119
"familiar_willing","older",-0.548372726155887,0.288712844741044,0.577889430018171,0.328164752098244,1.0176479685629,0.0575157493774668
"familiar_willing","female",0.674463555299844,0.252434186276897,1.96297966343618,1.19686021670252,3.21949807111164,0.00754367867580734
"familiar_willing","settingPublic",0.278524635588479,0.315307503233268,1.32117915302099,0.712150000567989,2.45104872988148,0.37705104655726
"familiar_willing","settingPrivate",0.232670990861193,0.357961167183324,1.26196621260092,0.625677632435576,2.54533427309357,0.515699020684391
"familiar_willing","settingMixed",0.688051617907279,0.319502217474337,1.98983479540785,1.06379082513776,3.72201227859157,0.0312785213538803
"familiar_willing","general",-0.248487372856367,0.247329613128487,0.779979709688776,0.480347966792255,1.26651592092467,0.31505046082255
