"panel","contrast","n","x0","x1","total_pp","total_low_pp","total_high_pp","direct_pp","direct_low_pp","direct_high_pp","indirect_pp","indirect_low_pp","indirect_high_pp","bootstrap_valid"
"A","Age 31-60 vs 20-30",301,227,74,-13.5310983060178,-27.4916228454963,-0.262948154479782,-13.544504756359,-27.630241915861,0.0943309100523914,0.0134064503412357,-3.06589056006562,3.36524166970872,1000
"A","Female vs male",301,112,189,16.0339573153519,4.86016771269851,27.8951876221196,15.0844253996067,3.63957983491644,26.5664717263968,0.949531915745216,-1.100332253418,3.58870377892162,1000
"A","General dentist vs other",301,130,171,-5.5018198111864,-16.1646343716629,6.5053313918768,-4.3277502703758,-15.5245060652878,7.61589335384121,-1.1740695408106,-3.70352363975455,0.810620158043562,1000
"A","Public vs academic-only",184,115,69,6.33573824567423,-9.5348334283436,21.0762822299852,6.30927823185829,-9.27918716623826,21.3576174848616,0.0264600138159432,-4.53242705431873,4.37578750466962,1000
"A","Private vs academic-only",162,115,47,2.99808149652683,-14.5455597782128,20.6143775557383,5.53430576268279,-12.2229220415173,23.5173318093769,-2.53622426615596,-10.8474703430051,2.28188727938794,1000
"A","Mixed vs academic-only",185,115,70,17.2576532946677,3.64672198084992,32.076758567408,14.5412511027763,-0.195687861111601,30.536199164642,2.71640219189149,-1.01263582967895,8.55622258006169,1000
"B","Age 31-60 vs 20-30",301,227,74,0.270068182754302,-13.4925795541311,14.5593175988063,3.00143019873575,-11.1119556319971,17.9698902340991,-2.73136201598145,-8.32613656031799,0.670994686992405,1000
"B","Female vs male",301,112,189,4.82972953518015,-6.77490205500875,16.1668152485477,2.15916326397662,-9.69931969177735,13.6835827684989,2.67056627120354,0.214615298183255,5.56123964682287,1000
"B","General dentist vs other",301,130,171,-12.0518568577408,-23.8705311101282,-0.886173581761654,-11.6297819749881,-23.4108044116801,-0.249401767929157,-0.422074882752749,-2.32736799405183,0.790850324056351,1000
"B","Public vs academic-only",184,115,69,0.392455558738025,-13.8450709444402,14.7827803253268,-1.56066357758293,-15.5151483752439,12.5328576130844,1.95311913632096,-2.59371692805308,7.23314588985577,1000
"B","Private vs academic-only",162,115,47,-9.15375452241952,-24.8156783713064,6.97942233148199,-9.79107141773072,-25.1554516572513,6.58353257822917,0.637316895311207,-2.70046493072987,5.70475830820971,1000
"B","Mixed vs academic-only",185,115,70,15.4514707255729,-0.660748934517054,29.4568506786259,11.9592378805925,-5.02331662071424,26.1759454406516,3.4922328449804,-0.57166477877074,9.16252703947861,1000
