"item","count","n","percent","low","high"
"AI familiarity",268,301,89.0365448504983,85.0030284573842,92.0862234144308
"Diagnostic confidence",216,301,71.7607973421927,66.4257760992665,76.5473813271495
"Academic tool use",174,301,57.8073089700997,52.1640798303265,63.2537705440365
"Clinical tool use",110,301,36.5448504983389,31.3059765622592,42.1228344946897
"Education willingness",262,301,87.0431893687708,82.7777192526897,90.3750601831177
"Diagnostic willingness",155,301,51.4950166112957,45.8658355615164,57.0865187654893
"High cost of AI technologies",196,301,65.1162790697674,59.572235226058,70.2793474136661
"Insufficient knowledge about AI",177,301,58.8039867109634,53.1668052135928,64.219281378774
"Lack of technical support",141,301,46.843853820598,41.2818585613392,52.4853934149821
"Concerns about patient data privacy",125,301,41.5282392026578,36.1023003824178,47.16769176455
"Regulatory and legal challenges",83,301,27.5747508305648,22.8327618020115,32.8819232929033
"Uncertainty about the benefits of AI",81,301,26.9102990033223,22.2142693798308,32.1882582364148
"Low efficiency of technology",54,301,17.9401993355482,14.0181456758984,22.6702559783131
